{
	"name": "Copy_full_schema",
	"properties": {
		"activities": [
			{
				"name": "Look for all tables",
				"type": "Lookup",
				"dependsOn": [],
				"policy": {
					"timeout": "0.12:00:00",
					"retry": 0,
					"retryIntervalInSeconds": 30,
					"secureOutput": false,
					"secureInput": false
				},
				"userProperties": [],
				"typeProperties": {
					"source": {
						"type": "SqlServerSource",
						"sqlReaderQuery": "Select\ns.name as SchemaName,\nt.name as TableName\nfrom sys.tables t\nInner join sys.schemas s\non t.schema_id = s.schema_id\nwhere s.name = 'SalesLT'",
						"queryTimeout": "02:00:00",
						"partitionOption": "None"
					},
					"dataset": {
						"referenceName": "sqlDBTables",
						"type": "DatasetReference"
					},
					"firstRowOnly": false
				}
			},
			{
				"name": "ForEachSchemaTable",
				"type": "ForEach",
				"dependsOn": [
					{
						"activity": "Look for all tables",
						"dependencyConditions": [
							"Succeeded"
						]
					}
				],
				"userProperties": [],
				"typeProperties": {
					"items": {
						"value": "@activity('Look for all tables').output.value",
						"type": "Expression"
					},
					"activities": [
						{
							"name": "CopyEachTable",
							"type": "Copy",
							"dependsOn": [],
							"policy": {
								"timeout": "0.12:00:00",
								"retry": 0,
								"retryIntervalInSeconds": 30,
								"secureOutput": false,
								"secureInput": false
							},
							"userProperties": [],
							"typeProperties": {
								"source": {
									"type": "SqlServerSource",
									"sqlReaderQuery": {
										"value": "@{concat('Select * From ', item().SchemaName, '.', item().TableName)}",
										"type": "Expression"
									},
									"queryTimeout": "02:00:00",
									"partitionOption": "None"
								},
								"sink": {
									"type": "ParquetSink",
									"storeSettings": {
										"type": "AzureBlobFSWriteSettings"
									},
									"formatSettings": {
										"type": "ParquetWriteSettings"
									}
								},
								"enableStaging": false,
								"translator": {
									"type": "TabularTranslator",
									"typeConversion": true,
									"typeConversionSettings": {
										"allowDataTruncation": true,
										"treatBooleanAsNumber": false
									}
								}
							},
							"inputs": [
								{
									"referenceName": "SqlServerForEachCopy",
									"type": "DatasetReference"
								}
							],
							"outputs": [
								{
									"referenceName": "ParquetTablesForEach",
									"type": "DatasetReference",
									"parameters": {
										"Schemaname": {
											"value": "@item().SchemaName",
											"type": "Expression"
										},
										"Tablename": {
											"value": "@item().TableName",
											"type": "Expression"
										}
									}
								}
							]
						}
					]
				}
			},
			{
				"name": "Bronze to silver",
				"type": "DatabricksNotebook",
				"dependsOn": [
					{
						"activity": "ForEachSchemaTable",
						"dependencyConditions": [
							"Succeeded"
						]
					}
				],
				"policy": {
					"timeout": "0.12:00:00",
					"retry": 0,
					"retryIntervalInSeconds": 30,
					"secureOutput": false,
					"secureInput": false
				},
				"userProperties": [],
				"typeProperties": {
					"notebookPath": "/Shared/bronze to silver"
				},
				"linkedServiceName": {
					"referenceName": "AzureDatabricks1",
					"type": "LinkedServiceReference"
				}
			},
			{
				"name": "Silver to gold",
				"type": "DatabricksNotebook",
				"dependsOn": [
					{
						"activity": "Bronze to silver",
						"dependencyConditions": [
							"Succeeded"
						]
					}
				],
				"policy": {
					"timeout": "0.12:00:00",
					"retry": 0,
					"retryIntervalInSeconds": 30,
					"secureOutput": false,
					"secureInput": false
				},
				"userProperties": [],
				"typeProperties": {
					"notebookPath": "/Shared/silver to gold"
				},
				"linkedServiceName": {
					"referenceName": "AzureDatabricks1",
					"type": "LinkedServiceReference"
				}
			}
		],
		"annotations": []
	}
}