{
	"name": "ParquetTablesForEach",
	"properties": {
		"linkedServiceName": {
			"referenceName": "AzureDataLakeStorage1",
			"type": "LinkedServiceReference"
		},
		"parameters": {
			"Schemaname": {
				"type": "string"
			},
			"Tablename": {
				"type": "string"
			}
		},
		"annotations": [],
		"type": "Parquet",
		"typeProperties": {
			"location": {
				"type": "AzureBlobFSLocation",
				"fileName": {
					"value": "@{concat(dataset().Tablename,'.parquet')}",
					"type": "Expression"
				},
				"folderPath": {
					"value": "@{concat(dataset().Schemaname, '/', dataset().TableName)}",
					"type": "Expression"
				},
				"fileSystem": "bronze"
			},
			"compressionCodec": "snappy"
		},
		"schema": []
	}
}