{
	"name": "on_premises_sql_server",
	"properties": {
		"annotations": [],
		"type": "SqlServer",
		"typeProperties": {
			"connectionString": "Integrated Security=False;Data Source=LAPTOP-4KJLGQ8E;Initial Catalog=AdventureWorksLT2017;User ID=mrk",
			"password": {
				"type": "AzureKeyVaultSecret",
				"store": {
					"referenceName": "AzureKeyVault1",
					"type": "LinkedServiceReference"
				},
				"secretName": "password"
			}
		},
		"connectVia": {
			"referenceName": "Self-Hosted-Integration-Runtime",
			"type": "IntegrationRuntimeReference"
		}
	},
	"type": "Microsoft.DataFactory/factories/linkedservices"
}